{"cameraMode":{"drawMode":0,"name":"Shaded","section":"Shading Mode"},"sceneLighting":true,"audioPlay":false,"sceneViewState":{"showFog":true,"showMaterialUpdate":false,"showSkybox":true,"showFlares":true,"showImageEffects":true,"showParticleSystems":true},"in2DMode":false,"pivot":{"x":-21.11777114868164,"y":-0.8459014296531677,"z":7.221530437469482},"rotation":{"x":-0.12661491334438325,"y":0.18831610679626466,"z":-0.024489637464284898,"w":-0.973604679107666},"size":20.92107391357422,"orthographic":false}