{"cameraMode":{"drawMode":0,"name":"Shaded","section":"Shading Mode"},"sceneLighting":true,"audioPlay":false,"sceneViewState":{"showFog":true,"showMaterialUpdate":false,"showSkybox":true,"showFlares":true,"showImageEffects":true,"showParticleSystems":true},"in2DMode":false,"pivot":{"x":-13.910660743713379,"y":5.775518417358398,"z":-3.465679168701172},"rotation":{"x":-0.045911937952041629,"y":0.9527581334114075,"z":-0.2365126609802246,"w":-0.18494820594787599},"size":38.88675308227539,"orthographic":false}