{"cameraMode":{"drawMode":0,"name":"Shaded","section":"Shading Mode"},"sceneLighting":false,"audioPlay":false,"sceneViewState":{"showFog":true,"showMaterialUpdate":false,"showSkybox":true,"showFlares":true,"showImageEffects":true,"showParticleSystems":true},"in2DMode":false,"pivot":{"x":35.150962829589847,"y":-0.7055444717407227,"z":-5.240293502807617},"rotation":{"x":-0.2915016710758209,"y":0.01091697532683611,"z":-0.003327456768602133,"w":-0.9565022587776184},"size":23.334665298461915,"orthographic":false}