{"cameraMode":{"drawMode":0,"name":"Shaded","section":"Shading Mode"},"sceneLighting":true,"audioPlay":false,"sceneViewState":{"showFog":true,"showMaterialUpdate":false,"showSkybox":true,"showFlares":true,"showImageEffects":true,"showParticleSystems":true},"in2DMode":false,"pivot":{"x":-14.004393577575684,"y":0.04648780822753906,"z":-7.159384727478027},"rotation":{"x":-0.016454460099339486,"y":-0.9802180528640747,"z":0.17413565516471864,"w":-0.09262090921401978},"size":22.54278564453125,"orthographic":false}