{"cameraMode":{"drawMode":0,"name":"Shaded","section":"Shading Mode"},"sceneLighting":false,"audioPlay":false,"sceneViewState":{"showFog":true,"showMaterialUpdate":false,"showSkybox":true,"showFlares":true,"showImageEffects":true,"showParticleSystems":true},"in2DMode":false,"pivot":{"x":25.957857131958009,"y":2.3557002544403078,"z":6.40685510635376},"rotation":{"x":-0.28863945603370669,"y":0.008054754696786404,"z":-0.0024287912528961899,"w":-0.957400918006897},"size":5.7157673835754398,"orthographic":false}