{"cameraMode":{"drawMode":0,"name":"Shaded","section":"Shading Mode"},"sceneLighting":false,"audioPlay":false,"sceneViewState":{"showFog":true,"showMaterialUpdate":false,"showSkybox":true,"showFlares":true,"showImageEffects":true,"showParticleSystems":true},"in2DMode":false,"pivot":{"x":-0.00009500980377197266,"y":1.3499999046325684,"z":-2.3096799850463868e-7},"rotation":{"x":0.06651028990745545,"y":0.933481752872467,"z":-0.25113794207572939,"w":0.24722060561180116},"size":5.566152095794678,"orthographic":false}