{"cameraMode":{"drawMode":0,"name":"Shaded","section":"Shading Mode"},"sceneLighting":false,"audioPlay":false,"sceneViewState":{"showFog":true,"showMaterialUpdate":false,"showSkybox":true,"showFlares":true,"showImageEffects":true,"showParticleSystems":true},"in2DMode":false,"pivot":{"x":368.453857421875,"y":209.50003051757813,"z":-2.730844259262085},"rotation":{"x":0.03996141999959946,"y":0.9418374300003052,"z":-0.12103690952062607,"w":0.3109588623046875},"size":1533.4007568359375,"orthographic":false}