{"cameraMode":{"drawMode":0,"name":"Shaded","section":"Shading Mode"},"sceneLighting":true,"audioPlay":false,"sceneViewState":{"showFog":true,"showMaterialUpdate":false,"showSkybox":true,"showFlares":true,"showImageEffects":true,"showParticleSystems":true},"in2DMode":false,"pivot":{"x":42.89505386352539,"y":13.487105369567871,"z":-9.736987113952637},"rotation":{"x":-0.005706306546926498,"y":0.9212474226951599,"z":0.013523331843316555,"w":0.3887001872062683},"size":20.92107391357422,"orthographic":false}