{"cameraMode":{"drawMode":0,"name":"Shaded","section":"Shading Mode"},"sceneLighting":false,"audioPlay":false,"sceneViewState":{"showFog":true,"showMaterialUpdate":false,"showSkybox":true,"showFlares":true,"showImageEffects":true,"showParticleSystems":true},"in2DMode":false,"pivot":{"x":-11.447104454040528,"y":1.719428539276123,"z":-2.2459352016448976},"rotation":{"x":0.2154250144958496,"y":-0.07666097581386566,"z":0.016966452822089196,"w":0.9733587503433228},"size":0.8545030355453491,"orthographic":false}