{"cameraMode":{"drawMode":0,"name":"Shaded","section":"Shading Mode"},"sceneLighting":false,"audioPlay":false,"sceneViewState":{"showFog":true,"showMaterialUpdate":false,"showSkybox":true,"showFlares":true,"showImageEffects":true,"showParticleSystems":true},"in2DMode":false,"pivot":{"x":0.00001990795135498047,"y":0.752305269241333,"z":0.002641439437866211},"rotation":{"x":0.11476492136716843,"y":-0.7639181613922119,"z":0.1416248381137848,"w":0.6190319061279297},"size":4.286825656890869,"orthographic":false}