{"cameraMode":{"drawMode":0,"name":"Shaded","section":"Shading Mode"},"sceneLighting":false,"audioPlay":false,"sceneViewState":{"showFog":true,"showMaterialUpdate":false,"showSkybox":true,"showFlares":true,"showImageEffects":true,"showParticleSystems":true},"in2DMode":false,"pivot":{"x":-6.564632415771484,"y":11.399999618530274,"z":39.2599983215332},"rotation":{"x":-0.14374051988124848,"y":-0.8536065816879273,"z":0.315772145986557,"w":-0.3885645866394043},"size":4.041658401489258,"orthographic":false}